{
  "A": 2.001577377319336,
  "C": 2.2334415912628174,
  "B": 4.0014941692352295,
  "D": 3.0023744106292725,
  "E": 2.5013606548309326
}